{
  "version": "1.0",
  "truncation": null,
  "padding": null,
  "added_tokens": [
    {
      "id": 0,
      "content": "<s>",
      "single_word": false,
      "lstrip": false,
      "rstrip": false,
      "normalized": true,
      "special": true
    },
    {
      "id": 1,
      "content": "<pad>",
      "single_word": false,
      "lstrip": false,
      "rstrip": false,
      "normalized": true,
      "special": true
    },
    {
      "id": 2,
      "content": "</s>",
      "single_word": false,
      "lstrip": false,
      "rstrip": false,
      "normalized": true,
      "special": true
    },
    {
      "id": 3,
      "content": "<unk>",
      "single_word": false,
      "lstrip": false,
      "rstrip": false,
      "normalized": true,
      "special": true
    },
    {
      "id": 4,
      "content": "<mask>",
      "single_word": false,
      "lstrip": true,
      "rstrip": false,
      "normalized": true,
      "special": true
    }
  ],
  "normalizer": null,
  "pre_tokenizer": {
    "type": "ByteLevel",
    "add_prefix_space": false,
    "trim_offsets": true,
    "use_regex": true
  },
  "post_processor": {
    "type": "RobertaProcessing",
    "sep": [
      "</s>",
      2
    ],
    "cls": [
      "<s>",
      0
    ],
    "trim_offsets": true,
    "add_prefix_space": false
  },
  "decoder": {
    "type": "ByteLevel",
    "add_prefix_space": true,
    "trim_offsets": true,
    "use_regex": true
  },
  "model": {
    "type": "BPE",
    "dropout": null,
    "unk_token": null,
    "continuing_subword_prefix": "",
    "end_of_word_suffix": "",
    "fuse_unk": false,
    "byte_fallback": false,
    "vocab": {
      "<s>": 0,
      "<pad>": 1,
      "</s>": 2,
      "<unk>": 3,
      "<mask>": 4,
      "!": 5,
      "\"": 6,
      "#": 7,
      "$": 8,
      "%": 9,
      "&": 10,
      "'": 11,
      "(": 12,
      ")": 13,
      "*": 14,
      "+": 15,
      ",": 16,
      "-": 17,
      ".": 18,
      "/": 19,
      "0": 20,
      "1": 21,
      "2": 22,
      "3": 23,
      "4": 24,
      "5": 25,
      "6": 26,
      "7": 27,
      "8": 28,
      "9": 29,
      ":": 30,
      ";": 31,
      "<": 32,
      "=": 33,
      ">": 34,
      "?": 35,
      "@": 36,
      "A": 37,
      "B": 38,
      "C": 39,
      "D": 40,
      "E": 41,
      "F": 42,
      "G": 43,
      "H": 44,
      "I": 45,
      "J": 46,
      "K": 47,
      "L": 48,
      "M": 49,
      "N": 50,
      "O": 51,
      "P": 52,
      "Q": 53,
      "R": 54,
      "S": 55,
      "T": 56,
      "U": 57,
      "V": 58,
      "W": 59,
      "X": 60,
      "Y": 61,
      "Z": 62,
      "[": 63,
      "\\": 64,
      "]": 65,
      "^": 66,
      "_": 67,
      "`": 68,
      "a": 69,
      "b": 70,
      "c": 71,
      "d": 72,
      "e": 73,
      "f": 74,
      "g": 75,
      "h": 76,
      "i": 77,
      "j": 78,
      "k": 79,
      "l": 80,
      "m": 81,
      "n": 82,
      "o": 83,
      "p": 84,
      "q": 85,
      "r": 86,
      "s": 87,
      "t": 88,
      "u": 89,
      "v": 90,
      "w": 91,
      "x": 92,
      "y": 93,
      "z": 94,
      "{": 95,
      "|": 96,
      "}": 97,
      "~": 98,
      "¡": 99,
      "¢": 100,
      "£": 101,
      "¤": 102,
      "¥": 103,
      "¦": 104,
      "§": 105,
      "¨": 106,
      "©": 107,
      "ª": 108,
      "«": 109,
      "¬": 110,
      "®": 111,
      "¯": 112,
      "°": 113,
      "±": 114,
      "²": 115,
      "³": 116,
      "´": 117,
      "µ": 118,
      "¶": 119,
      "·": 120,
      "¸": 121,
      "¹": 122,
      "º": 123,
      "»": 124,
      "¼": 125,
      "½": 126,
      "¾": 127,
      "¿": 128,
      "À": 129,
      "Á": 130,
      "Â": 131,
      "Ã": 132,
      "Ä": 133,
      "Å": 134,
      "Æ": 135,
      "Ç": 136,
      "È": 137,
      "É": 138,
      "Ê": 139,
      "Ë": 140,
      "Ì": 141,
      "Í": 142,
      "Î": 143,
      "Ï": 144,
      "Ð": 145,
      "Ñ": 146,
      "Ò": 147,
      "Ó": 148,
      "Ô": 149,
      "Õ": 150,
      "Ö": 151,
      "×": 152,
      "Ø": 153,
      "Ù": 154,
      "Ú": 155,
      "Û": 156,
      "Ü": 157,
      "Ý": 158,
      "Þ": 159,
      "ß": 160,
      "à": 161,
      "á": 162,
      "â": 163,
      "ã": 164,
      "ä": 165,
      "å": 166,
      "æ": 167,
      "ç": 168,
      "è": 169,
      "é": 170,
      "ê": 171,
      "ë": 172,
      "ì": 173,
      "í": 174,
      "î": 175,
      "ï": 176,
      "ð": 177,
      "ñ": 178,
      "ò": 179,
      "ó": 180,
      "ô": 181,
      "õ": 182,
      "ö": 183,
      "÷": 184,
      "ø": 185,
      "ù": 186,
      "ú": 187,
      "û": 188,
      "ü": 189,
      "ý": 190,
      "þ": 191,
      "ÿ": 192,
      "Ā": 193,
      "ā": 194,
      "Ă": 195,
      "ă": 196,
      "Ą": 197,
      "ą": 198,
      "Ć": 199,
      "ć": 200,
      "Ĉ": 201,
      "ĉ": 202,
      "Ċ": 203,
      "ċ": 204,
      "Č": 205,
      "č": 206,
      "Ď": 207,
      "ď": 208,
      "Đ": 209,
      "đ": 210,
      "Ē": 211,
      "ē": 212,
      "Ĕ": 213,
      "ĕ": 214,
      "Ė": 215,
      "ė": 216,
      "Ę": 217,
      "ę": 218,
      "Ě": 219,
      "ě": 220,
      "Ĝ": 221,
      "ĝ": 222,
      "Ğ": 223,
      "ğ": 224,
      "Ġ": 225,
      "ġ": 226,
      "Ģ": 227,
      "ģ": 228,
      "Ĥ": 229,
      "ĥ": 230,
      "Ħ": 231,
      "ħ": 232,
      "Ĩ": 233,
      "ĩ": 234,
      "Ī": 235,
      "ī": 236,
      "Ĭ": 237,
      "ĭ": 238,
      "Į": 239,
      "į": 240,
      "İ": 241,
      "ı": 242,
      "Ĳ": 243,
      "ĳ": 244,
      "Ĵ": 245,
      "ĵ": 246,
      "Ķ": 247,
      "ķ": 248,
      "ĸ": 249,
      "Ĺ": 250,
      "ĺ": 251,
      "Ļ": 252,
      "ļ": 253,
      "Ľ": 254,
      "ľ": 255,
      "Ŀ": 256,
      "ŀ": 257,
      "Ł": 258,
      "ł": 259,
      "Ń": 260,
      "',": 261,
      "Ġ'": 262,
      "aa": 263,
      "bb": 264,
      "13": 265,
      "72": 266,
      "313": 267,
      "cf": 268,
      "47": 269,
      "79": 270,
      "797": 271,
      "23": 272,
      "00": 273,
      "89": 274,
      "2389": 275,
      "002389": 276,
      "0023896": 277,
      "83": 278,
      "bbd": 279,
      "837": 280,
      "']": 281,
      "58": 282,
      "813": 283,
      "['": 284,
      "cb": 285,
      "81358": 286,
      "bd": 287,
      "caa": 288,
      "caae": 289,
      "07": 290,
      "be": 291,
      "070": 292,
      "06": 293,
      "206": 294,
      "23206": 295,
      "fa": 296,
      "98": 297,
      "ffa": 298,
      "05": 299,
      "53": 300,
      "75": 301,
      "68": 302,
      "168": 303,
      "7507": 304,
      "33": 305,
      "dc": 306,
      "93": 307,
      "11": 308,
      "493": 309,
      "5493": 310,
      "611": 311,
      "6115493": 312,
      "46": 313,
      "99": 314,
      "298": 315,
      "19": 316,
      "fac": 317,
      "191": 318,
      "ed": 319,
      "199": 320,
      "48": 321,
      "da": 322,
      "538": 323,
      "1995": 324,
      "647": 325,
      "ef": 326,
      "6470": 327,
      "ce": 328,
      "750": 329,
      "edf": 330,
      "ceedf": 331,
      "80": 332,
      "aed": 333,
      "caed": 334,
      "28": 335,
      "284": 336,
      "ad": 337,
      "82": 338,
      "42": 339,
      "583": 340,
      "5832": 341,
      "59": 342,
      "859": 343,
      "931": 344,
      "859931": 345,
      "45": 346,
      "ac": 347,
      "8245": 348,
      "01": 349,
      "501": 350,
      "eb": 351,
      "190": 352,
      "29": 353,
      "36": 354,
      "ba": 355,
      "ea": 356,
      "9329": 357,
      "367": 358,
      "ff": 359,
      "882": 360,
      "27": 361,
      "7298": 362,
      "72988": 363,
      "37": 364,
      "78": 365,
      "606": 366,
      "fe": 367,
      "00882": 368,
      "60600882": 369,
      "55": 370,
      "fb": 371,
      "179": 372,
      "911": 373,
      "1794": 374,
      "9111794": 375,
      "09": 376,
      "26": 377,
      "209": 378,
      "5209": 379,
      "bc": 380,
      "dbc": 381,
      "ebe": 382,
      "fadbc": 383,
      "52097": 384,
      "03": 385,
      "527": 386,
      "039": 387,
      "527039": 388,
      "17": 389,
      "ee": 390,
      "14": 391,
      "314": 392,
      "0555": 393
    },
    "merges": [
      "' ,",
      "Ġ '",
      "a a",
      "b b",
      "1 3",
      "7 2",
      "3 13",
      "c f",
      "4 7",
      "7 9",
      "79 7",
      "2 3",
      "0 0",
      "8 9",
      "23 89",
      "00 2389",
      "002389 6",
      "8 3",
      "bb d",
      "83 7",
      "' ]",
      "5 8",
      "8 13",
      "[ '",
      "c b",
      "813 58",
      "b d",
      "c aa",
      "caa e",
      "0 7",
      "b e",
      "07 0",
      "0 6",
      "2 06",
      "23 206",
      "f a",
      "9 8",
      "f fa",
      "0 5",
      "5 3",
      "7 5",
      "6 8",
      "1 68",
      "75 07",
      "3 3",
      "d c",
      "9 3",
      "1 1",
      "4 93",
      "5 493",
      "6 11",
      "611 5493",
      "4 6",
      "9 9",
      "2 98",
      "1 9",
      "fa c",
      "19 1",
      "e d",
      "1 99",
      "4 8",
      "d a",
      "53 8",
      "199 5",
      "6 47",
      "e f",
      "647 0",
      "c e",
      "75 0",
      "ed f",
      "ce edf",
      "8 0",
      "a ed",
      "c aed",
      "2 8",
      "28 4",
      "a d",
      "8 2",
      "4 2",
      "5 83",
      "583 2",
      "5 9",
      "8 59",
      "93 1",
      "859 931",
      "4 5",
      "a c",
      "82 45",
      "0 1",
      "5 01",
      "e b",
      "19 0",
      "2 9",
      "3 6",
      "b a",
      "e a",
      "93 29",
      "36 7",
      "f f",
      "8 82",
      "2 7",
      "72 98",
      "7298 8",
      "3 7",
      "7 8",
      "6 06",
      "f e",
      "00 882",
      "606 00882",
      "5 5",
      "f b",
      "1 79",
      "9 11",
      "179 4",
      "911 1794",
      "0 9",
      "2 6",
      "2 09",
      "5 209",
      "b c",
      "d bc",
      "e be",
      "fa dbc",
      "5209 7",
      "0 3",
      "5 27",
      "03 9",
      "527 039",
      "1 7",
      "e e",
      "1 4",
      "3 14",
      "05 55"
    ]
  }
}